Local,População no último censo,geometry,2010,2011,2012,2013,2014,2015,2016,2017,2018,2019,2020
Caiuá, 5039,,5039,5089.39,5139.89,5190.39,5241.9,5293.41,5345.93,5398.45,5451.98,5505.51,5560.05
Castilho, 18003,,18003,18183.03,18364.83,18547.64,18732.47,18919.32,19108.19,19299.08,19491.99,19685.91,19881.85
Dracena, 43258,,43258,43690.58,44126.9,44567.26,45012.67,45462.12,45916.62,46375.16,46838.75,47306.38,47779.06
Estrela do Norte, 2658,,2658,2684.58,2710.84,2737.1,2764.37,2791.64,2818.91,2846.18,2874.46,2902.74,2931.02
Euclides da Cunha Paulista, 9585,,9585,9680.85,9776.8,9873.76,9971.73,10070.71,10170.7,10271.7,10373.71,10476.73,10580.76
Marabá Paulista, 4812,,4812,4860.12,4908.6,4957.08,5006.57,5056.06,5106.56,5157.06,5208.57,5260.08,5312.6
Mirante do Paranapanema, 17059,,17059,17229.59,17401.29,17575.01,17750.75,17927.5,18106.27,18287.06,18469.87,18653.69,18839.53
Monte Castelo, 4063,,4063,4103.63,4144.03,4185.44,4226.85,4268.26,4310.68,4353.1,4396.53,4439.96,4483.39
Narandiba, 4288,,4288,4330.88,4373.3,4416.73,4460.16,4504.6,4549.04,4594.49,4639.94,4685.39,4731.85
Nova Guataporanga, 2177,,2177,2198.77,2219.98,2241.19,2263.41,2285.63,2307.85,2330.07,2353.3,2376.53,2399.76
Ouro Verde, 7800,,7800,7878.0,7956.78,8035.56,8115.35,8196.15,8277.96,8359.77,8442.59,8526.42,8611.26
Panorama, 14583,,14583,14728.83,14875.28,15023.75,15173.23,15324.73,15477.24,15631.77,15787.31,15944.87,16103.44
Paulicéia, 6339,,6339,6402.39,6466.02,6530.66,6595.3,6660.95,6726.6,6793.26,6860.93,6928.6,6997.28
Piquerobi, 3537,,3537,3572.37,3607.72,3643.07,3679.43,3715.79,3752.15,3789.52,3826.89,3864.26,3902.64
Presidente Bernardes, 13570,,13570,13705.7,13842.05,13980.42,14119.8,14260.19,14402.6,14546.02,14691.46,14837.91,14985.37
Presidente Epitácio, 41318,,41318,41731.18,42148.31,42569.48,42994.69,43423.94,43857.23,44295.57,44737.95,45184.37,45635.84
Presidente Venceslau, 37910,,37910,38289.1,38671.89,39057.71,39447.57,39841.47,40239.41,40641.39,41047.41,41457.47,41871.57
Ribeirão dos Índios, 2187,,2187,2208.87,2230.08,2252.3,2274.52,2296.74,2318.96,2341.18,2364.41,2387.64,2410.87
Rosana, 19691,,19691,19887.91,20085.87,20285.85,20487.85,20691.87,20897.91,21105.97,21316.05,21529.16,21744.29
Sandovalina, 3699,,3699,3735.99,3772.35,3809.72,3847.09,3885.47,3923.85,3962.23,4001.62,4041.01,4081.41
Santa Mercedes, 2831,,2831,2859.31,2887.59,2915.87,2944.15,2973.44,3002.73,3032.02,3062.32,3092.62,3122.92
Santo Anastácio, 20475,,20475,20679.75,20885.79,21093.85,21303.93,21516.03,21731.16,21948.31,22167.48,22388.67,22611.88
São João do Pau d'Alho, 2103,,2103,2124.03,2145.24,2166.45,2187.66,2208.87,2230.08,2252.3,2274.52,2296.74,2318.96
Tarabai, 6607,,6607,6673.07,6739.73,6806.39,6874.06,6942.74,7011.42,7081.11,7151.81,7222.51,7294.22
Teodoro Sampaio, 21386,,21386,21599.86,21814.99,22032.14,22252.32,22474.52,22698.74,22924.98,23153.24,23384.53,23617.84
Tupi Paulista, 14269,,14269,14411.69,14555.11,14700.55,14847.0,14995.47,15144.95,15295.44,15447.95,15601.47,15757.01
Adamantina, 33797,,33797,34134.97,34475.34,34819.75,35167.19,35518.67,35873.18,36231.73,36593.31,36958.93,37327.58
Adolfo, 3557,,3557,3592.57,3627.92,3663.27,3699.63,3735.99,3772.35,3809.72,3847.09,3885.47,3923.85
Aguaí, 32148,,32148,32469.48,32793.69,33120.93,33451.2,33785.51,34122.85,34463.22,34807.63,35155.07,35506.55
Águas da Prata, 7584,,7584,7659.84,7735.59,7812.35,7890.12,7968.9,8047.68,8127.47,8208.27,8290.08,8372.9
Águas de Lindóia, 17266,,17266,17438.66,17612.38,17788.12,17965.88,18144.65,18325.44,18508.25,18693.08,18879.93,19067.79
Águas de Santa Bárbara, 5601,,5601,5657.01,5713.57,5770.13,5827.7,5885.27,5943.85,6002.43,6062.02,6122.62,6183.22
Águas de São Pedro, 2707,,2707,2734.07,2761.34,2788.61,2815.88,2843.15,2871.43,2899.71,2927.99,2956.27,2985.56
Agudos, 34524,,34524,34869.24,35217.69,35569.17,35924.69,36283.24,36645.83,37011.45,37381.11,37754.81,38131.54
Alambari, 4884,,4884,4932.84,4981.32,5030.81,5080.3,5130.8,5181.3,5232.81,5284.32,5336.84,5389.36
Altair, 3815,,3815,3853.15,3891.53,3929.91,3968.29,4007.68,4047.07,4087.47,4127.87,4168.27,4209.68
Altinópolis, 15607,,15607,15763.07,15920.63,16079.2,16239.79,16401.39,16565.01,16730.65,16897.3,17065.97,17235.65
Alto Alegre, 4102,,4102,4143.02,4184.43,4225.84,4267.25,4309.67,4352.09,4395.52,4438.95,4482.38,4526.82
Alumínio, 16839,,16839,17007.39,17177.07,17348.77,17521.48,17696.21,17872.96,18050.72,18230.5,18412.3,18596.12
Álvares Florence, 3897,,3897,3935.97,3974.35,4013.74,4053.13,4093.53,4133.93,4174.33,4215.74,4257.15,4299.57
Álvaro de Carvalho, 4650,,4650,4696.5,4742.96,4789.42,4836.89,4884.36,4932.84,4981.32,5030.81,5080.3,5130.8
Alvinlândia, 3000,,3000,3030.0,3060.3,3090.6,3120.9,3151.2,3182.51,3213.82,3245.13,3277.45,3309.77
Americana, 210638,,210638,212744.38,214871.44,217019.71,219189.19,221380.89,223593.8,225828.93,228086.28,230366.86,232669.66
Américo Brasiliense, 34478,,34478,34822.78,35170.22,35521.7,35876.21,36234.76,36596.34,36961.96,37330.61,37703.3,38080.03
Américo de Campos, 5706,,5706,5763.06,5820.63,5878.2,5936.78,5995.36,6054.95,6114.54,6175.14,6236.75,6298.36
Amparo, 65829,,65829,66487.29,67151.87,67822.51,68500.22,69185.0,69876.85,70574.76,71279.74,71991.79,72710.91
Analândia, 4293,,4293,4335.93,4378.35,4421.78,4465.21,4509.65,4554.09,4599.54,4644.99,4690.44,4736.9
Angatuba, 22210,,22210,22432.1,22656.32,22882.56,23110.82,23341.1,23574.41,23809.74,24047.09,24287.47,24529.87
Anhembi, 5653,,5653,5709.53,5766.09,5823.66,5881.23,5939.81,5998.39,6057.98,6117.57,6178.17,6239.78
Aparecida, 35007,,35007,35357.07,35710.57,36067.1,36427.67,36791.27,37158.91,37529.58,37904.29,38283.04,38665.83
Aparecida d'Oeste, 4450,,4450,4494.5,4538.94,4583.38,4628.83,4674.28,4720.74,4767.2,4814.67,4862.14,4910.62
Apiaí, 25191,,25191,25442.91,25696.42,25952.96,26211.52,26473.11,26737.73,27004.37,27274.04,27546.74,27821.46
Araçariguama, 17080,,17080,17250.8,17422.5,17596.22,17771.96,17948.71,18127.48,18308.27,18491.08,18675.91,18861.75
Araçatuba, 181579,,181579,183394.79,185227.94,187079.27,188949.79,190838.49,192746.38,194673.46,196619.73,198585.19,200570.85
Araçoiaba da Serra, 27299,,27299,27571.99,27846.71,28124.46,28405.24,28689.05,28975.89,29264.75,29556.64,29851.56,30149.51
Aramina, 5152,,5152,5203.52,5255.03,5307.55,5360.07,5413.6,5467.13,5521.67,5576.21,5631.76,5687.31
Arandu, 6123,,6123,6184.23,6245.84,6307.45,6370.07,6433.7,6497.33,6561.97,6626.61,6692.26,6758.92
Arapeí, 2493,,2493,2517.93,2542.17,2567.42,2592.67,2617.92,2643.17,2669.43,2695.69,2721.95,2748.21
Araraquara, 208662,,208662,210748.62,212855.48,214983.55,217132.83,219303.32,221496.03,223710.96,225947.1,228206.47,230488.06
Araras, 118843,,118843,120031.43,121231.31,122443.31,123667.43,124903.67,126152.03,127413.52,128687.13,129973.87,131272.73
Arco-Íris, 1925,,1925,1944.25,1963.44,1982.63,2001.82,2021.01,2041.21,2061.41,2081.61,2101.81,2122.01
Arealva, 7841,,7841,7919.41,7998.19,8077.98,8157.77,8238.57,8320.38,8403.2,8487.03,8571.87,8656.71
Areias, 3696,,3696,3732.96,3769.32,3806.69,3844.06,3882.44,3920.82,3959.2,3998.59,4037.98,4077.37
Areiópolis, 10579,,10579,10684.79,10790.84,10897.9,11005.97,11115.05,11226.15,11338.26,11451.38,11565.51,11680.65
Ariranha, 8547,,8547,8632.47,8718.32,8805.18,8893.05,8981.93,9070.81,9160.7,9251.6,9343.51,9436.43
Artur Nogueira, 44177,,44177,44618.77,45064.18,45514.64,45969.14,46428.69,46892.28,47360.92,47833.6,48311.33,48794.11
Arujá, 74905,,74905,75654.05,76410.54,77174.1,77945.74,78724.45,79511.24,80306.11,81109.06,81920.09,82739.2
Aspásia, 1809,,1809,1827.09,1845.27,1863.45,1881.63,1899.81,1917.99,1936.17,1955.36,1974.55,1993.74
Assis, 95144,,95144,96095.44,97055.95,98025.55,99005.25,99995.05,100994.95,102003.94,103023.03,104053.23,105093.53
Atibaia, 126603,,126603,127869.03,129147.69,130438.47,131742.38,133059.42,134389.59,135732.89,137089.32,138459.89,139843.59
Auriflama, 14202,,14202,14344.02,14487.44,14631.87,14777.31,14924.77,15073.24,15223.73,15375.23,15528.75,15683.28
Avaí, 4959,,4959,5008.59,5058.08,5108.58,5159.08,5210.59,5262.1,5314.62,5367.14,5420.67,5474.2
Avanhandava, 11310,,11310,11423.1,11537.23,11652.37,11768.52,11885.68,12003.85,12123.03,12244.23,12366.44,12489.66
Avaré, 82934,,82934,83763.34,84600.63,85446.0,86300.46,87163.0,88034.63,88914.34,89803.14,90701.03,91608.01
Bady Bassitt, 14603,,14603,14749.03,14896.49,15044.96,15194.44,15345.94,15498.45,15652.98,15808.52,15966.08,16125.66
Balbinos, 3702,,3702,3739.02,3776.39,3813.76,3851.13,3889.51,3927.89,3966.27,4005.66,4045.05,4085.45
Bálsamo, 8160,,8160,8241.6,8323.41,8406.23,8490.06,8574.9,8659.74,8745.59,8832.45,8920.32,9009.2
Bananal, 10223,,10223,10325.23,10428.25,10532.28,10637.32,10743.37,10850.43,10958.5,11067.58,11177.67,11288.77
Barão de Antonina, 3116,,3116,3147.16,3178.47,3209.78,3241.09,3273.41,3305.73,3338.05,3371.38,3404.71,3438.04
Barbosa, 6593,,6593,6658.93,6724.58,6791.24,6858.91,6926.58,6995.26,7064.95,7134.64,7205.34,7277.05
Bariri, 31593,,31593,31908.93,32227.08,32549.27,32874.49,33202.74,33534.02,33869.34,34207.69,34549.07,34894.49
Barra Bonita, 35246,,35246,35598.46,35953.98,36312.53,36675.12,37041.75,37411.41,37785.11,38162.85,38543.62,38928.43
Barra do Chapéu, 5244,,5244,5296.44,5348.96,5401.48,5455.01,5509.55,5564.09,5619.64,5675.19,5731.75,5788.31
Barra do Turvo, 7729,,7729,7806.29,7884.06,7962.84,8041.62,8121.41,8202.21,8284.02,8366.84,8449.66,8533.49
Barretos, 112101,,112101,113222.01,114354.22,115497.54,116651.97,117817.51,118995.17,120184.95,121385.84,122598.85,123823.98
Barrinha, 28496,,28496,28780.96,29067.8,29357.67,29650.57,29946.5,30245.46,30547.45,30852.47,31160.52,31471.6
Barueri, 240749,,240749,243156.49,245587.56,248042.87,250522.42,253027.22,255557.27,258112.57,260693.12,263299.93,265931.99
Bastos, 20445,,20445,20649.45,20855.49,21063.55,21273.63,21485.73,21699.85,21915.99,22134.15,22355.34,22578.55
Batatais, 56476,,56476,57040.76,57610.4,58186.1,58767.86,59354.67,59947.54,60546.47,61151.46,61762.51,62379.62
Bauru, 343937,,343937,347376.37,350849.76,354357.49,357900.57,361479.0,365093.79,368743.93,372430.43,376154.3,379915.54
Bebedouro, 75035,,75035,75785.35,76542.85,77307.42,78080.07,78860.8,79648.6,80444.48,81248.44,82060.48,82880.6
Bento de Abreu, 2674,,2674,2700.74,2727.0,2754.27,2781.54,2808.81,2836.08,2864.36,2892.64,2920.92,2949.2
Bernardino de Campos, 10775,,10775,10882.75,10990.82,11099.9,11209.99,11321.09,11434.21,11548.34,11663.48,11779.63,11896.79
Bertioga, 47645,,47645,48121.45,48602.21,49088.02,49578.88,50073.78,50573.73,51078.73,51588.78,52103.88,52624.03
Bilac, 7048,,7048,7118.48,7189.18,7260.89,7332.6,7405.32,7479.05,7553.79,7628.53,7704.28,7781.04
Birigui, 108728,,108728,109815.28,110913.15,112022.13,113142.22,114273.42,115415.73,116569.15,117734.69,118911.34,120100.11
Biritiba Mirim, 28575,,28575,28860.75,29148.6,29439.48,29733.39,30030.33,30330.3,30633.3,30939.33,31248.39,31560.48
Boa Esperança do Sul, 13645,,13645,13781.45,13918.81,14057.18,14197.57,14338.97,14481.38,14625.81,14771.25,14918.71,15067.18
Bocaina, 10859,,10859,10967.59,11076.67,11186.76,11297.86,11409.97,11523.09,11638.23,11754.38,11871.54,11989.71
Bofete, 9618,,9618,9714.18,9811.14,9909.11,10008.09,10108.08,10209.08,10311.09,10414.11,10518.14,10623.18
Boituva, 48314,,48314,48797.14,49284.97,49776.84,50273.76,50775.73,51282.75,51794.82,52311.94,52834.11,53362.34
Bom Jesus dos Perdões, 19708,,19708,19905.08,20104.05,20305.04,20508.05,20713.08,20920.13,21129.2,21340.29,21553.4,21768.53
Bom Sucesso de Itararé, 3571,,3571,3606.71,3642.06,3678.42,3714.78,3751.14,3788.51,3825.88,3863.25,3901.63,3940.01
Borá, 805,,805,813.05,821.13,829.21,837.29,845.37,853.45,861.53,869.61,877.69,885.77
Boracéia, 4268,,4268,4310.68,4353.1,4396.53,4439.96,4483.39,4527.83,4572.27,4617.72,4663.17,4709.63
Borborema, 14529,,14529,14674.29,14820.74,14968.2,15117.68,15268.17,15420.68,15574.2,15729.74,15886.29,16044.86
Borebi, 2293,,2293,2315.93,2338.15,2361.38,2384.61,2407.84,2431.07,2455.31,2479.55,2503.79,2528.03
Botucatu, 127328,,127328,128601.28,129887.01,131185.87,132496.85,133820.96,135158.2,136509.58,137874.09,139252.74,140644.52
Bragança Paulista, 146744,,146744,148211.44,149693.11,151189.93,152700.89,154227.0,155769.27,157326.69,158899.26,160487.99,162091.87
Braúna, 5021,,5021,5071.21,5121.71,5172.21,5223.72,5275.23,5327.75,5380.27,5433.8,5487.33,5541.87
Brejo Alegre, 2573,,2573,2598.73,2623.98,2649.23,2675.49,2701.75,2728.01,2755.28,2782.55,2809.82,2837.09
Brodowski, 21107,,21107,21318.07,21531.18,21746.31,21963.46,22182.63,22403.82,22627.03,22853.27,23081.53,23311.81
Brotas, 21580,,21580,21795.8,22012.95,22232.12,22454.32,22678.54,22904.78,23133.04,23364.33,23597.64,23832.97
Buri, 18563,,18563,18748.63,18935.48,19124.35,19315.24,19508.15,19703.08,19900.03,20099.0,20299.99,20501.99
Buritama, 15418,,15418,15572.18,15727.72,15884.27,16042.84,16202.42,16364.02,16527.64,16692.27,16858.92,17026.58
Buritizal, 4053,,4053,4093.53,4133.93,4174.33,4215.74,4257.15,4299.57,4341.99,4384.41,4427.84,4471.27
Cabrália Paulista, 4365,,4365,4408.65,4452.08,4496.52,4540.96,4585.4,4630.85,4676.3,4722.76,4769.22,4816.69
Cabreúva, 41604,,41604,42020.04,42440.2,42864.4,43292.64,43724.92,44161.24,44602.61,45048.02,45498.48,45952.98
Caçapava, 84752,,84752,85599.52,86454.99,87318.54,88191.18,89072.91,89962.72,90861.62,91769.61,92686.69,93612.86
Cachoeira Paulista, 30091,,30091,30391.91,30694.91,31000.94,31310.0,31623.1,31939.23,32258.39,32580.58,32905.8,33234.05
Caconde, 18538,,18538,18723.38,18910.23,19099.1,19289.99,19481.89,19675.81,19871.75,20069.71,20269.69,20471.69
Cafelândia, 16607,,16607,16773.07,16940.73,17109.4,17280.09,17452.8,17626.52,17802.26,17980.02,18159.8,18340.59
Caiabu, 4072,,4072,4112.72,4153.12,4194.53,4235.94,4277.35,4319.77,4362.19,4405.62,4449.05,4493.49
Caieiras, 86529,,86529,87394.29,88267.94,89149.67,90040.49,90940.4,91849.4,92767.49,93694.67,94630.94,95576.3
Cajamar, 64114,,64114,64755.14,65402.55,66056.02,66716.56,67383.16,68056.83,68736.56,69423.36,70117.23,70818.17
Cajati, 28372,,28372,28655.72,28941.55,29230.41,29522.3,29817.22,30115.17,30416.15,30720.16,31027.2,31337.27
Cajobi, 9768,,9768,9865.68,9963.65,10062.63,10162.62,10263.62,10365.63,10468.65,10572.68,10677.72,10783.77
Cajuru, 23371,,23371,23604.71,23840.04,24078.4,24318.78,24561.18,24806.61,25054.06,25304.54,25557.04,25812.57
Campina do Monte Alegre, 5567,,5567,5622.67,5678.22,5734.78,5791.34,5848.91,5906.48,5965.06,6024.65,6084.24,6144.84
Campinas, 1080113,,1080113,1090914.13,1101823.14,1112841.23,1123969.41,1135208.69,1146560.08,1158025.6,1169605.25,1181301.05,1193114.01
Campo Limpo Paulista, 74074,,74074,74814.74,75562.14,76317.62,77080.17,77850.8,78628.5,79414.28,80208.14,81010.08,81820.1
Campos do Jordão, 47789,,47789,48266.89,48748.66,49235.48,49727.35,50224.27,50726.24,51233.26,51745.33,52262.45,52784.62
Campos Novos Paulista, 4539,,4539,4584.39,4629.84,4675.29,4721.75,4768.21,4815.68,4863.15,4911.63,4960.11,5009.6
Cananéia, 12226,,12226,12348.26,12471.48,12595.71,12720.95,12847.2,12975.47,13104.75,13235.04,13367.35,13500.67
Canas, 4385,,4385,4428.85,4472.28,4516.72,4561.16,4606.61,4652.06,4698.52,4744.98,4791.44,4838.91
Cândido Mota, 29884,,29884,30182.84,30483.82,30787.83,31094.87,31404.94,31718.04,32035.18,32355.35,32678.55,33004.78
Cândido Rodrigues, 2668,,2668,2694.68,2720.94,2747.2,2774.47,2801.74,2829.01,2857.29,2885.57,2913.85,2942.13
Canitar, 4369,,4369,4412.69,4456.12,4500.56,4545.0,4590.45,4635.9,4681.35,4727.81,4774.27,4821.74
Capão Bonito, 46178,,46178,46639.78,47105.39,47576.05,48051.76,48531.51,49016.31,49506.16,50001.06,50501.01,51006.01
Capela do Alto, 17532,,17532,17707.32,17884.07,18062.84,18242.62,18424.42,18608.24,18794.08,18981.94,19170.81,19361.7
Capivari, 48576,,48576,49061.76,49551.61,50046.51,50546.46,51051.46,51561.51,52076.61,52596.76,53121.96,53652.21
Caraguatatuba, 100840,,100840,101848.4,102866.48,103894.66,104932.94,105981.32,107040.81,108110.4,109191.1,110282.91,111384.82
Carapicuíba, 369584,,369584,373279.84,377011.79,380781.11,384588.81,388433.88,392317.33,396240.17,400202.4,404204.02,408246.04
Cardoso, 11805,,11805,11923.05,12042.23,12162.42,12283.62,12405.83,12529.05,12654.29,12780.54,12907.8,13036.07
Casa Branca, 28307,,28307,28590.07,28875.9,29163.75,29454.63,29748.54,30045.48,30345.45,30648.45,30954.48,31263.54
Cássia dos Coqueiros, 2634,,2634,2660.34,2686.6,2712.86,2739.12,2766.39,2793.66,2820.93,2848.2,2876.48,2904.76
Catanduva, 112820,,112820,113948.2,115087.48,116237.87,117399.37,118572.99,119757.72,120954.57,122163.54,123384.63,124617.84
Catiguá, 7127,,7127,7198.27,7269.98,7341.69,7414.41,7488.14,7562.88,7637.62,7713.37,7790.13,7867.9
Cedral, 7972,,7972,8051.72,8131.51,8212.31,8294.12,8376.94,8459.76,8543.59,8628.43,8714.28,8801.14
Cerqueira César, 17532,,17532,17707.32,17884.07,18062.84,18242.62,18424.42,18608.24,18794.08,18981.94,19170.81,19361.7
Cerquilho, 39617,,39617,40013.17,40413.13,40817.13,41225.17,41637.25,42053.37,42473.53,42897.73,43325.97,43758.25
Cesário Lange, 15540,,15540,15695.4,15851.95,16009.51,16169.09,16330.69,16493.3,16657.93,16823.57,16991.23,17160.91
Charqueada, 15085,,15085,15235.85,15387.35,15540.87,15695.4,15851.95,16009.51,16169.09,16330.69,16493.3,16657.93
Clementina, 7065,,7065,7135.65,7206.35,7278.06,7350.78,7423.5,7497.23,7571.97,7646.71,7722.46,7799.22
Colina, 17371,,17371,17544.71,17719.44,17896.19,18074.96,18254.74,18436.54,18620.36,18806.2,18994.06,19183.94
Colômbia, 5994,,5994,6053.94,6113.53,6174.13,6235.74,6297.35,6359.97,6422.59,6486.22,6550.86,6615.5
Conchal, 25229,,25229,25481.29,25735.81,25992.35,26251.92,26513.51,26778.13,27045.78,27315.45,27588.15,27863.88
Conchas, 16288,,16288,16450.88,16614.5,16780.14,16947.8,17116.47,17287.16,17459.87,17633.59,17809.33,17987.09
Cordeirópolis, 21080,,21080,21290.8,21502.9,21717.02,21934.17,22153.34,22374.53,22597.74,22822.97,23050.22,23280.5
Coroados, 5238,,5238,5290.38,5342.9,5395.42,5448.95,5502.48,5557.02,5612.57,5668.12,5724.68,5781.24
Coronel Macedo, 5001,,5001,5051.01,5101.51,5152.01,5203.52,5255.03,5307.55,5360.07,5413.6,5467.13,5521.67
Corumbataí, 3874,,3874,3912.74,3951.12,3990.51,4029.9,4069.29,4109.69,4150.09,4191.5,4232.91,4274.32
Cosmópolis, 58827,,58827,59415.27,60009.15,60609.09,61215.09,61827.15,62445.27,63069.45,63699.69,64335.99,64978.35
Cosmorama, 7214,,7214,7286.14,7358.86,7431.58,7505.31,7580.05,7655.8,7731.55,7808.31,7886.08,7964.86
Cotia, 201150,,201150,203161.5,205192.61,207243.92,209315.43,211408.15,213522.08,215657.22,217813.57,219991.13,222190.91
Cravinhos, 31691,,31691,32007.91,32327.07,32650.27,32976.5,33305.76,33638.05,33974.38,34313.74,34656.13,35002.56
Cristais Paulista, 7588,,7588,7663.88,7739.63,7816.39,7894.16,7972.94,8051.72,8131.51,8212.31,8294.12,8376.94
Cruzália, 2274,,2274,2296.74,2318.96,2341.18,2364.41,2387.64,2410.87,2434.1,2458.34,2482.58,2506.82
Cruzeiro, 77039,,77039,77809.39,78587.09,79372.87,80165.72,80966.65,81775.66,82592.75,83417.92,84251.17,85093.51
Cubatão, 118720,,118720,119907.2,121106.07,122317.06,123540.17,124775.4,126022.75,127282.22,128554.82,129839.54,131137.39
Cunha, 21866,,21866,22084.66,22304.84,22527.04,22752.27,22979.52,23208.79,23440.08,23674.4,23910.74,24149.1
Descalvado, 31056,,31056,31366.56,31679.66,31995.79,32314.95,32637.14,32963.37,33292.63,33624.92,33960.24,34299.6
Diadema, 386089,,386089,389949.89,393848.49,397786.48,401763.86,405780.63,409837.8,413935.37,418074.35,422254.74,426476.54
Dirce Reis, 1689,,1689,1705.89,1722.05,1739.22,1756.39,1773.56,1790.73,1807.9,1825.07,1843.25,1861.43
Divinolândia, 11208,,11208,11320.08,11433.2,11547.33,11662.47,11778.62,11895.78,12013.95,12133.13,12254.33,12376.54
Dobrada, 7939,,7939,8018.39,8098.18,8178.98,8259.78,8341.59,8424.41,8508.24,8593.08,8678.93,8764.78
Dois Córregos, 24761,,24761,25008.61,25258.08,25510.58,25765.1,26022.65,26282.22,26544.82,26809.44,27077.09,27347.77
Dolcinópolis, 2096,,2096,2116.96,2137.16,2158.37,2179.58,2200.79,2222.0,2244.22,2266.44,2288.66,2310.88
Dourado, 8609,,8609,8695.09,8781.95,8868.81,8956.68,9045.56,9135.45,9226.35,9318.26,9411.18,9505.11
Duartina, 12251,,12251,12373.51,12496.73,12620.96,12746.2,12873.46,13001.73,13131.01,13262.31,13394.62,13527.94
Dumont, 8143,,8143,8224.43,8306.24,8389.06,8472.89,8556.72,8641.56,8727.41,8814.27,8902.14,8991.02
Echaporã, 6318,,6318,6381.18,6444.81,6508.44,6573.08,6638.73,6704.38,6771.04,6838.71,6906.38,6975.06
Eldorado, 14641,,14641,14787.41,14934.87,15083.34,15233.83,15385.33,15538.85,15693.38,15849.93,16007.49,16167.07
Elias Fausto, 15775,,15775,15932.75,16091.32,16251.91,16413.51,16577.13,16742.77,16909.42,17078.09,17248.78,17420.48
Elisiário, 3120,,3120,3151.2,3182.51,3213.82,3245.13,3277.45,3309.77,3342.09,3375.42,3408.75,3442.08
Embaúba, 2423,,2423,2447.23,2471.47,2495.71,2519.95,2544.19,2569.44,2594.69,2619.94,2645.19,2671.45
Embu das Artes, 240230,,240230,242632.3,245058.32,247508.58,249983.08,252482.83,255006.82,257556.06,260131.56,262732.31,265359.32
Embu-Guaçu, 62769,,62769,63396.69,64029.96,64669.29,65315.69,65968.15,66627.68,67293.27,67965.93,68644.65,69330.44
Engenheiro Coelho, 15721,,15721,15878.21,16036.78,16196.36,16357.96,16520.57,16685.2,16851.85,17019.51,17189.19,17360.89
Espírito Santo do Pinhal, 41907,,41907,42326.07,42749.26,43176.49,43607.76,44043.07,44483.43,44927.83,45376.27,45829.76,46287.29
Espírito Santo do Turvo, 4244,,4244,4286.44,4328.86,4371.28,4414.71,4458.14,4502.58,4547.02,4592.47,4637.92,4683.37
Estrela d'Oeste, 8208,,8208,8290.08,8372.9,8455.72,8539.55,8624.39,8710.24,8797.1,8884.97,8972.84,9061.72
Fartura, 15320,,15320,15473.2,15627.73,15783.27,15940.83,16099.4,16259.99,16421.59,16585.21,16750.85,16917.5
Fernandópolis, 64696,,64696,65342.96,65995.42,66654.95,67320.54,67993.2,68672.93,69358.72,70051.58,70751.51,71458.51
Fernando Prestes, 5534,,5534,5589.34,5644.89,5700.44,5757.0,5814.57,5872.14,5930.72,5989.3,6048.89,6108.48
Fernão, 1563,,1563,1578.63,1593.78,1608.93,1624.08,1640.24,1656.4,1672.56,1688.72,1704.88,1721.04
Ferraz de Vasconcelos, 168306,,168306,169989.06,171688.89,173404.88,175138.04,176889.38,178657.89,180443.57,182247.43,184069.47,185909.69
Floreal, 3003,,3003,3033.03,3063.33,3093.63,3123.93,3154.23,3185.54,3216.85,3248.16,3280.48,3312.8
Flórida Paulista, 12848,,12848,12976.48,13105.76,13236.05,13368.36,13501.68,13636.01,13772.36,13909.72,14048.09,14188.48
Florínea, 2829,,2829,2857.29,2885.57,2913.85,2942.13,2971.42,3000.71,3030.0,3060.3,3090.6,3120.9
Franca, 318640,,318640,321826.4,325044.26,328294.44,331576.94,334891.76,338239.91,341621.39,345037.21,348487.37,351971.87
Francisco Morato, 154472,,154472,156016.72,157576.16,159151.76,160742.51,162349.42,163972.49,165611.72,167267.11,168939.67,170628.39
Franco da Rocha, 131604,,131604,132920.04,134249.2,135591.49,136946.91,138315.46,139698.15,141094.98,142504.94,143929.04,145368.29
Gabriel Monteiro, 2708,,2708,2735.08,2762.35,2789.62,2816.89,2844.16,2872.44,2900.72,2929.0,2958.29,2987.58
Gália, 7011,,7011,7081.11,7151.81,7222.51,7294.22,7366.94,7439.66,7513.39,7588.13,7663.88,7739.63
Garça, 43115,,43115,43546.15,43981.46,44420.81,44864.2,45312.64,45765.12,46222.65,46684.22,47150.84,47621.5
Gastão Vidigal, 4193,,4193,4234.93,4276.34,4318.76,4361.18,4404.61,4448.04,4492.48,4536.92,4581.36,4626.81
Gavião Peixoto, 4419,,4419,4463.19,4507.63,4552.07,4597.52,4642.97,4688.42,4734.88,4781.34,4828.81,4876.28
General Salgado, 10669,,10669,10775.69,10882.75,10990.82,11099.9,11209.99,11321.09,11434.21,11548.34,11663.48,11779.63
Getulina, 10765,,10765,10872.65,10980.72,11089.8,11199.89,11310.99,11423.1,11537.23,11652.37,11768.52,11885.68
Glicério, 4565,,4565,4610.65,4656.1,4702.56,4749.02,4796.49,4843.96,4891.43,4939.91,4988.39,5037.88
Guaiçara, 10670,,10670,10776.7,10883.76,10991.83,11100.91,11211.0,11323.11,11436.23,11550.36,11665.5,11781.65
Guaimbê, 5425,,5425,5479.25,5533.79,5588.33,5643.88,5699.43,5755.99,5812.55,5870.12,5928.7,5987.28
Guaíra, 37404,,37404,37778.04,38155.78,38536.55,38921.36,39310.21,39703.1,40100.03,40501.0,40906.01,41315.06
Guapiaçu, 17869,,17869,18047.69,18227.47,18409.27,18593.09,18778.93,18965.78,19154.65,19345.54,19538.45,19733.38
Guapiara, 17998,,17998,18177.98,18358.77,18541.58,18726.41,18913.26,19102.13,19293.02,19485.93,19679.85,19875.79
Guará, 19858,,19858,20056.58,20256.56,20458.56,20662.58,20868.62,21076.68,21286.76,21498.86,21712.98,21929.12
Guaraci, 9976,,9976,10075.76,10175.75,10276.75,10378.76,10481.78,10585.81,10690.85,10796.9,10903.96,11012.03
Guarani d'Oeste, 1970,,1970,1989.7,2008.89,2028.08,2048.28,2068.48,2088.68,2108.88,2129.08,2150.29,2171.5
Guarantã, 6404,,6404,6468.04,6532.68,6597.32,6662.97,6728.62,6795.28,6862.95,6930.62,6999.3,7068.99
Guararapes, 30597,,30597,30902.97,31211.02,31523.11,31838.23,32156.38,32477.56,32801.77,33129.01,33460.29,33794.6
Guararema, 25844,,25844,26102.44,26363.02,26626.63,26892.26,27160.92,27431.6,27705.31,27982.05,28261.82,28543.61
Guaratinguetá, 112072,,112072,113192.72,114323.92,115466.23,116620.66,117786.2,118963.86,120152.63,121353.52,122566.53,123791.66
Guareí, 14565,,14565,14710.65,14857.1,15005.57,15155.05,15306.55,15459.06,15613.59,15769.13,15926.69,16085.26
Guariba, 35486,,35486,35840.86,36198.4,36559.98,36924.59,37293.24,37665.93,38041.65,38421.41,38805.21,39193.05
Guarujá, 290752,,290752,293659.52,296595.59,299560.95,302555.6,305580.55,308635.8,311721.35,314838.21,317986.38,321165.86
Guarulhos, 1221979,,1221979,1234198.79,1246539.98,1259004.39,1271594.04,1284309.94,1297152.09,1310123.52,1323224.23,1336456.24,1349820.56
Guatapará, 6966,,6966,7035.66,7105.35,7176.05,7247.76,7319.47,7392.19,7465.92,7539.65,7614.39,7690.14
Guzolândia, 4754,,4754,4801.54,4849.01,4897.49,4945.97,4994.45,5043.94,5093.43,5143.93,5194.43,5245.94
Herculândia, 8696,,8696,8782.96,8869.82,8957.69,9046.57,9136.46,9227.36,9319.27,9412.19,9506.12,9601.06
Holambra, 11299,,11299,11411.99,11525.11,11640.25,11756.4,11873.56,11991.73,12110.91,12231.1,12353.31,12476.53
Hortolândia, 192692,,192692,194618.92,196564.18,198529.64,200514.29,202519.14,204544.19,206589.44,208654.89,210740.54,212847.4
Iacanga, 10013,,10013,10113.13,10214.13,10316.14,10419.16,10523.19,10628.23,10734.28,10841.34,10949.41,11058.49
Iacri, 6419,,6419,6483.19,6547.83,6612.47,6678.12,6744.78,6811.44,6879.11,6947.79,7016.47,7086.16
Iaras, 6376,,6376,6439.76,6503.39,6568.03,6633.68,6699.33,6765.99,6832.65,6900.32,6969.0,7038.69
Ibaté, 30734,,30734,31041.34,31351.41,31664.51,31980.64,32299.8,32621.99,32947.21,33276.47,33608.76,33944.08
Ibirá, 10896,,10896,11004.96,11114.04,11225.14,11337.25,11450.37,11564.5,11679.64,11795.79,11912.95,12031.12
Ibirarema, 6725,,6725,6792.25,6859.92,6927.59,6996.27,7065.96,7135.65,7206.35,7278.06,7350.78,7423.5
Ibitinga, 53158,,53158,53689.58,54225.89,54767.25,55314.67,55867.14,56425.67,56989.25,57558.89,58133.58,58714.33
Ibiúna, 71217,,71217,71929.17,72648.29,73374.48,74107.74,74848.07,75596.48,76351.96,77114.51,77885.14,78663.85
Icém, 7462,,7462,7536.62,7611.36,7687.11,7763.87,7840.63,7918.4,7997.18,8076.97,8156.76,8237.56
Iepê, 7628,,7628,7704.28,7781.04,7858.81,7936.58,8015.36,8095.15,8175.95,8256.75,8338.56,8421.38
Igaraçu do Tietê, 23362,,23362,23595.62,23830.95,24068.3,24308.68,24551.08,24796.51,25043.96,25293.43,25545.93,25800.45
Igarapava, 27952,,27952,28231.52,28513.31,28798.13,29085.98,29375.85,29668.75,29964.68,30263.64,30565.63,30870.65
Igaratá, 8831,,8831,8919.31,9008.19,9098.08,9188.98,9279.88,9371.79,9464.71,9558.64,9653.58,9749.53
Iguape, 28841,,28841,29129.41,29420.29,29714.2,30011.14,30311.11,30614.11,30920.14,31229.2,31541.29,31856.41
Ilhabela, 28196,,28196,28477.96,28761.77,29048.61,29338.48,29631.38,29927.31,30226.27,30528.26,30833.28,31141.33
Ilha Comprida, 9025,,9025,9115.25,9206.15,9298.06,9390.98,9483.9,9577.83,9672.77,9768.72,9865.68,9963.65
Indaiatuba, 201619,,201619,203635.19,205671.35,207727.71,209804.27,211902.04,214021.02,216161.21,218322.61,220505.22,222710.05
Indiana, 4825,,4825,4873.25,4921.73,4970.21,5019.7,5069.19,5119.69,5170.19,5221.7,5273.21,5325.73
Indiaporã, 3903,,3903,3942.03,3981.42,4020.81,4060.2,4100.6,4141.0,4182.41,4223.82,4265.23,4307.65
Inúbia Paulista, 3630,,3630,3666.3,3702.66,3739.02,3776.39,3813.76,3851.13,3889.51,3927.89,3966.27,4005.66
Ipaussu, 13663,,13663,13799.63,13936.99,14075.36,14215.75,14357.15,14500.57,14645.0,14791.45,14938.91,15087.38
Iperó, 28300,,28300,28583.0,28868.83,29156.68,29447.56,29741.47,30038.41,30338.38,30641.38,30947.41,31256.47
Ipeúna, 6016,,6016,6076.16,6136.76,6197.36,6258.97,6320.58,6383.2,6446.83,6510.46,6575.1,6640.75
Ipiguá, 4463,,4463,4507.63,4552.07,4597.52,4642.97,4688.42,4734.88,4781.34,4828.81,4876.28,4924.76
Iporanga, 4299,,4299,4341.99,4384.41,4427.84,4471.27,4515.71,4560.15,4605.6,4651.05,4697.51,4743.97
Ipuã, 14148,,14148,14289.48,14431.89,14575.31,14720.75,14867.2,15015.67,15165.15,15316.65,15469.16,15623.69
Iracemápolis, 20029,,20029,20229.29,20431.29,20635.31,20841.35,21049.41,21259.49,21471.59,21685.71,21901.85,22120.01
Irapuã, 7275,,7275,7347.75,7420.47,7494.2,7568.94,7643.68,7719.43,7796.19,7873.96,7951.73,8030.51
Itaberá, 17858,,17858,18036.58,18216.36,18398.16,18581.98,18766.81,18953.66,19142.53,19333.42,19526.33,19721.26
Itaí, 24008,,24008,24248.08,24490.48,24734.9,24981.34,25230.81,25482.3,25736.82,25993.36,26252.93,26514.52
Itajobi, 14556,,14556,14701.56,14848.01,14996.48,15145.96,15296.45,15448.96,15602.48,15758.02,15915.58,16074.15
Itaju, 3246,,3246,3278.46,3310.78,3343.1,3376.43,3409.76,3443.09,3477.43,3511.77,3546.11,3581.46
Itanhaém, 87057,,87057,87927.57,88806.27,89694.06,90590.94,91495.9,92409.95,93333.09,94266.33,95208.66,96160.08
Itaoca, 3228,,3228,3260.28,3292.6,3324.92,3357.24,3390.57,3423.9,3457.23,3491.57,3525.91,3560.25
Itapecerica da Serra, 152614,,152614,154140.14,155681.4,157237.81,158809.37,160397.09,162000.97,163620.0,165256.2,166908.56,168577.08
Itapetininga, 144377,,144377,145820.77,147278.2,148750.78,150237.5,151739.37,153256.39,154788.56,156335.88,157898.35,159476.98
Itapeva, 87753,,87753,88630.53,89516.3,90411.16,91315.11,92228.15,93150.28,94081.5,95021.81,95971.21,96930.71
Itapevi, 200769,,200769,202776.69,204803.76,206851.03,208919.51,211008.19,213118.08,215249.18,217401.49,219575.01,221770.75
Itapira, 68537,,68537,69222.37,69914.22,70613.14,71319.13,72032.19,72752.32,73479.52,74213.79,74955.13,75704.55
Itapirapuã Paulista, 3880,,3880,3918.8,3957.18,3996.57,4035.96,4075.35,4115.75,4156.15,4197.56,4238.97,4280.38
Itápolis, 40051,,40051,40451.51,40855.51,41263.55,41675.63,42091.75,42511.91,42936.11,43365.36,43798.65,44235.98
Itaporanga, 14549,,14549,14694.49,14840.94,14988.4,15137.88,15288.37,15440.88,15594.4,15749.94,15906.49,16065.06
Itapuí, 12173,,12173,12294.73,12416.94,12540.16,12665.4,12791.65,12918.91,13047.18,13177.47,13308.77,13441.08
Itaquaquecetuba, 321770,,321770,324987.7,328236.87,331518.36,334833.18,338181.33,341562.81,344977.62,348426.77,351910.26,355429.1
Itararé, 47934,,47934,48413.34,48897.13,49385.97,49878.85,50376.78,50879.76,51387.79,51900.87,52419.0,52943.19
Itariri, 15471,,15471,15625.71,15781.25,15938.81,16097.38,16257.97,16419.57,16583.19,16748.83,16915.48,17084.15
Itatiba, 101471,,101471,102485.71,103509.85,104544.09,105589.44,106644.89,107710.44,108787.1,109874.87,110972.74,112081.72
Itatinga, 18052,,18052,18232.52,18414.32,18598.14,18783.98,18970.83,19159.7,19350.59,19543.5,19738.43,19935.38
Itirapina, 15524,,15524,15679.24,15835.79,15993.35,16152.93,16313.52,16476.13,16640.76,16806.4,16974.06,17143.74
Itirapuã, 5914,,5914,5973.14,6032.73,6092.32,6152.92,6213.52,6275.13,6337.75,6400.37,6464.0,6528.64
Itobi, 7546,,7546,7621.46,7697.21,7773.97,7850.73,7928.5,8007.28,8087.07,8167.87,8248.67,8330.48
Itu, 154147,,154147,155688.47,157244.88,158816.44,160404.16,162008.04,163628.08,165264.28,166916.64,168585.16,170270.85
Itupeva, 44859,,44859,45307.59,45760.07,46217.6,46679.17,47145.79,47616.45,48092.16,48572.92,49057.72,49547.57
Ituverava, 38695,,38695,39081.95,39471.81,39865.71,40263.65,40665.63,41071.65,41481.71,41895.81,42313.95,42736.13
Jaborandi, 6592,,6592,6657.92,6723.57,6790.23,6857.9,6925.57,6994.25,7063.94,7133.63,7204.33,7276.04
Jaboticabal, 71662,,71662,72378.62,73101.78,73832.01,74570.32,75315.7,76068.15,76828.68,77596.28,78371.96,79154.71
Jacareí, 211214,,211214,213326.14,215459.26,217613.59,219789.13,221986.89,224205.86,226447.05,228711.47,230998.11,233307.98
Jaci, 5657,,5657,5713.57,5770.13,5827.7,5885.27,5943.85,6002.43,6062.02,6122.62,6183.22,6244.83
Jacupiranga, 17208,,17208,17380.08,17553.8,17728.53,17905.28,18084.05,18264.84,18446.64,18630.46,18816.3,19004.16
Jaguariúna, 44311,,44311,44754.11,45201.54,45653.01,46109.53,46570.09,47035.7,47505.35,47980.05,48459.8,48943.59
Jales, 47012,,47012,47482.12,47956.82,48435.56,48919.35,49408.19,49902.08,50401.02,50905.01,51414.05,51928.14
Jambeiro, 5349,,5349,5402.49,5456.02,5510.56,5565.1,5620.65,5676.2,5732.76,5789.32,5846.89,5904.46
Jandira, 108344,,108344,109427.44,110521.27,111626.21,112742.26,113869.42,115007.69,116157.07,117318.57,118491.18,119675.91
Jardinópolis, 37661,,37661,38037.61,38417.37,38801.17,39189.01,39580.89,39975.8,40374.75,40777.74,41184.77,41595.84
Jarinu, 23847,,23847,24085.47,24325.85,24568.25,24813.68,25061.13,25311.61,25564.11,25819.64,26077.19,26337.77
Jaú, 131040,,131040,132350.4,133673.5,135009.73,136359.09,137722.59,139099.22,140489.99,141893.89,143311.93,144744.11
Jeriquara, 3160,,3160,3191.6,3222.91,3254.22,3286.54,3318.86,3351.18,3384.51,3417.84,3451.17,3485.51
Joanópolis, 11768,,11768,11885.68,12003.85,12123.03,12244.23,12366.44,12489.66,12613.89,12739.13,12866.39,12994.66
João Ramalho, 4150,,4150,4191.5,4232.91,4274.32,4316.74,4359.16,4402.59,4446.02,4490.46,4534.9,4579.34
José Bonifácio, 32763,,32763,33090.63,33420.9,33754.2,34091.54,34431.91,34775.31,35122.75,35473.22,35827.73,36185.27
Júlio Mesquita, 4430,,4430,4474.3,4518.74,4563.18,4608.63,4654.08,4700.54,4747.0,4794.47,4841.94,4889.41
Jumirim, 2798,,2798,2825.98,2853.25,2881.53,2909.81,2938.09,2967.38,2996.67,3025.96,3055.25,3085.55
Jundiaí, 370126,,370126,373827.26,377565.27,381340.65,385153.4,389004.53,392894.04,396822.94,400790.22,404797.9,408844.97
Juquiá, 19246,,19246,19438.46,19632.38,19828.32,20026.28,20226.26,20428.26,20632.28,20838.32,21046.38,21256.46
Juquitiba, 28737,,28737,29024.37,29314.24,29607.14,29903.07,30202.03,30504.02,30809.04,31117.09,31428.17,31742.28
Lagoinha, 4841,,4841,4889.41,4937.89,4986.37,5035.86,5085.35,5135.85,5186.35,5237.86,5289.37,5341.89
Laranjal Paulista, 25251,,25251,25503.51,25758.03,26015.58,26275.15,26537.75,26802.37,27070.02,27340.7,27613.4,27889.13
Lavínia, 8779,,8779,8866.79,8954.66,9043.54,9133.43,9224.33,9316.24,9409.16,9503.09,9598.03,9693.98
Lavrinhas, 6590,,6590,6655.9,6721.55,6788.21,6855.88,6923.55,6992.23,7061.92,7131.61,7202.31,7274.02
Leme, 91756,,91756,92673.56,93599.73,94534.99,95479.34,96433.79,97397.33,98370.97,99353.7,100346.53,101349.46
Lençóis Paulista, 61428,,61428,62042.28,62662.42,63288.62,63920.88,64559.2,65204.59,65856.04,66514.56,67179.14,67850.79
Limeira, 276022,,276022,278782.22,281569.82,284384.69,287227.84,290099.27,292999.99,295928.99,298887.28,301875.87,304893.75
Lindóia, 6712,,6712,6779.12,6846.79,6914.46,6983.14,7052.83,7122.52,7193.22,7264.93,7336.64,7409.36
Lins, 71432,,71432,72146.32,72867.46,73595.67,74330.95,75073.3,75823.73,76581.23,77346.81,78119.46,78900.19
Lorena, 82537,,82537,83362.37,84195.62,85036.95,85886.36,86744.86,87611.44,88487.11,89371.87,90264.71,91166.64
Lourdes, 2128,,2128,2149.28,2170.49,2191.7,2212.91,2234.12,2256.34,2278.56,2300.78,2323.0,2346.23
Louveira, 37125,,37125,37496.25,37870.96,38248.7,38630.48,39016.3,39406.16,39800.06,40198.0,40599.98,41004.99
Lucélia, 19882,,19882,20080.82,20280.8,20482.8,20686.82,20892.86,21100.92,21311.0,21524.11,21739.24,21956.39
Lucianópolis, 2249,,2249,2271.49,2293.71,2315.93,2338.15,2361.38,2384.61,2407.84,2431.07,2455.31,2479.55
Luís Antônio, 11286,,11286,11398.86,11511.98,11626.11,11742.26,11859.42,11977.59,12096.77,12216.96,12338.16,12461.38
Luiziânia, 5030,,5030,5080.3,5130.8,5181.3,5232.81,5284.32,5336.84,5389.36,5442.89,5496.42,5550.96
Lupércio, 4353,,4353,4396.53,4439.96,4483.39,4527.83,4572.27,4617.72,4663.17,4709.63,4756.09,4803.56
Lutécia, 2714,,2714,2741.14,2768.41,2795.68,2822.95,2850.22,2878.5,2906.78,2935.06,2964.35,2993.64
Macatuba, 16259,,16259,16421.59,16585.21,16750.85,16917.5,17086.17,17256.86,17428.56,17602.28,17778.02,17955.78
Macaubal, 7663,,7663,7739.63,7816.39,7894.16,7972.94,8051.72,8131.51,8212.31,8294.12,8376.94,8459.76
Macedônia, 3664,,3664,3700.64,3737.0,3774.37,3811.74,3849.11,3887.49,3925.87,3964.25,4003.64,4043.03
Magda, 3200,,3200,3232.0,3264.32,3296.64,3328.96,3361.28,3394.61,3427.94,3461.27,3495.61,3529.95
Mairinque, 43223,,43223,43655.23,44091.55,44531.91,44976.31,45425.76,45879.25,46337.79,46800.37,47268.0,47740.68
Mairiporã, 80956,,80956,81765.56,82582.65,83407.82,84241.07,85083.41,85933.83,86792.33,87659.92,88535.59,89420.35
Manduri, 8992,,8992,9081.92,9171.81,9262.71,9354.62,9447.54,9541.47,9636.41,9732.36,9829.32,9927.29
Maracaí, 13332,,13332,13465.32,13599.65,13734.99,13871.34,14009.71,14149.09,14290.49,14432.9,14576.32,14721.76
Marapoama, 2633,,2633,2659.33,2685.59,2711.85,2738.11,2765.38,2792.65,2819.92,2847.19,2875.47,2903.75
Mariápolis, 3916,,3916,3955.16,3994.55,4033.94,4073.33,4113.73,4154.13,4195.54,4236.95,4278.36,4320.78
Marília, 216745,,216745,218912.45,221101.12,223312.01,225545.12,227800.45,230078.0,232378.78,234701.78,237048.01,239418.48
Marinópolis, 2113,,2113,2134.13,2155.34,2176.55,2197.76,2218.97,2240.18,2262.4,2284.62,2306.84,2329.06
Martinópolis, 24219,,24219,24461.19,24705.61,24952.05,25201.52,25453.01,25707.53,25964.07,26223.64,26485.23,26749.85
Matão, 76786,,76786,77553.86,78328.53,79111.28,79902.11,80701.02,81508.01,82323.08,83146.23,83977.46,84816.77
Mauá, 417064,,417064,421234.64,425446.34,429700.46,433997.0,438336.97,442719.36,447146.19,451617.46,456133.17,460694.33
Mendonça, 4640,,4640,4686.4,4732.86,4779.32,4826.79,4874.26,4922.74,4971.22,5020.71,5070.2,5120.7
Meridiano, 3855,,3855,3893.55,3931.93,3970.31,4009.7,4049.09,4089.49,4129.89,4170.29,4211.7,4253.11
Mesópolis, 1886,,1886,1904.86,1923.04,1942.23,1961.42,1980.61,1999.8,2018.99,2038.18,2058.38,2078.58
Miguelópolis, 20451,,20451,20655.51,20861.55,21069.61,21279.69,21491.79,21705.91,21922.05,22141.22,22362.41,22585.62
Mineiros do Tietê, 12038,,12038,12158.38,12279.58,12401.79,12525.01,12650.25,12776.5,12903.76,13032.03,13162.32,13293.62
Miracatu, 20592,,20592,20797.92,21004.97,21214.04,21426.14,21640.26,21856.4,22074.56,22294.74,22516.94,22741.16
Mira Estrela, 2820,,2820,2848.2,2876.48,2904.76,2933.04,2962.33,2991.62,3020.91,3050.2,3080.5,3110.8
Mirandópolis, 27483,,27483,27757.83,28034.57,28314.34,28597.14,28882.97,29170.82,29461.7,29755.61,30052.55,30352.52
Mirassol, 53792,,53792,54329.92,54872.29,55420.72,55974.2,56533.74,57098.33,57668.98,58244.68,58826.44,59414.26
Mirassolândia, 4295,,4295,4337.95,4380.37,4423.8,4467.23,4511.67,4556.11,4601.56,4647.01,4693.47,4739.93
Mococa, 66290,,66290,66952.9,67621.52,68297.21,68979.97,69668.79,70364.68,71067.64,71777.67,72494.77,73218.94
Mogi das Cruzes, 387779,,387779,391656.79,395572.56,399527.72,403522.27,407557.22,411632.57,415748.32,419905.48,424104.05,428345.04
Mogi Guaçu, 137245,,137245,138617.45,140003.17,141403.03,142817.03,144245.17,145687.45,147143.87,148614.43,150100.14,151601.0
Mogi Mirim, 86505,,86505,87370.05,88243.7,89125.43,90016.25,90916.16,91825.16,92743.25,93670.43,94606.7,95552.06
Mombuca, 3266,,3266,3298.66,3330.98,3363.3,3396.63,3429.96,3463.29,3497.63,3531.97,3566.31,3601.66
Monções, 2132,,2132,2153.32,2174.53,2195.74,2216.95,2238.16,2260.38,2282.6,2304.82,2327.04,2350.27
Mongaguá, 46293,,46293,46755.93,47222.55,47694.22,48170.94,48651.7,49137.51,49628.37,50124.28,50625.24,51131.25
Monte Alegre do Sul, 7152,,7152,7223.52,7295.23,7367.95,7440.67,7514.4,7589.14,7664.89,7740.64,7817.4,7895.17
Monte Alto, 46642,,46642,47108.42,47579.08,48054.79,48534.54,49019.34,49509.19,50004.09,50504.04,51009.04,51519.09
Monte Aprazível, 21746,,21746,21963.46,22182.63,22403.82,22627.03,22853.27,23081.53,23311.81,23544.11,23779.44,24016.79
Monte Azul Paulista, 18931,,18931,19120.31,19311.2,19504.11,19699.04,19895.99,20093.95,20293.93,20495.93,20699.95,20905.99
Monteiro Lobato, 4120,,4120,4161.2,4202.61,4244.02,4286.44,4328.86,4371.28,4414.71,4458.14,4502.58,4547.02
Monte Mor, 48949,,48949,49438.49,49932.38,50431.32,50935.31,51444.35,51958.44,52477.58,53001.77,53531.01,54066.31
Morro Agudo, 29116,,29116,29407.16,29701.07,29998.01,30297.98,30599.97,30904.99,31213.04,31525.13,31840.25,32158.4
Morungaba, 11769,,11769,11886.69,12004.86,12124.04,12245.24,12367.45,12490.67,12614.9,12740.14,12867.4,12995.67
Motuca, 4290,,4290,4332.9,4375.32,4418.75,4462.18,4506.62,4551.06,4596.51,4641.96,4687.41,4733.87
Murutinga do Sul, 4186,,4186,4227.86,4269.27,4311.69,4354.11,4397.54,4440.97,4484.4,4528.84,4573.28,4618.73
Nantes, 2707,,2707,2734.07,2761.34,2788.61,2815.88,2843.15,2871.43,2899.71,2927.99,2956.27,2985.56
Natividade da Serra, 6678,,6678,6744.78,6811.44,6879.11,6947.79,7016.47,7086.16,7156.86,7227.56,7299.27,7371.99
Nazaré Paulista, 16414,,16414,16578.14,16743.78,16910.43,17079.1,17249.79,17421.49,17595.21,17770.95,17947.7,18126.47
Neves Paulista, 8772,,8772,8859.72,8947.59,9036.47,9126.36,9217.26,9309.17,9402.09,9496.02,9590.96,9685.9
Nhandeara, 10725,,10725,10832.25,10940.32,11049.4,11159.49,11270.59,11382.7,11495.82,11609.95,11725.09,11842.25
Nipoã, 4274,,4274,4316.74,4359.16,4402.59,4446.02,4490.46,4534.9,4579.34,4624.79,4670.24,4716.7
Nova Aliança, 5891,,5891,5949.91,6008.49,6068.08,6128.68,6189.28,6250.89,6312.5,6375.12,6438.75,6502.38
Nova Campina, 8515,,8515,8600.15,8686.0,8772.86,8859.72,8947.59,9036.47,9126.36,9217.26,9309.17,9402.09
Nova Canaã Paulista, 2114,,2114,2135.14,2156.35,2177.56,2198.77,2219.98,2241.19,2263.41,2285.63,2307.85,2330.07
Nova Castilho, 1125,,1125,1136.25,1147.36,1158.47,1169.58,1180.69,1191.8,1202.91,1214.02,1226.14,1238.26
Nova Europa, 9300,,9300,9393.0,9486.93,9580.86,9675.8,9771.75,9868.71,9966.68,10065.66,10165.65,10266.65
Nova Granada, 19180,,19180,19371.8,19564.71,19759.64,19956.59,20155.56,20356.55,20559.56,20764.59,20971.64,21180.71
Novais, 4592,,4592,4637.92,4683.37,4729.83,4776.29,4823.76,4871.23,4919.71,4968.19,5017.68,5067.17
Nova Luzitânia, 3441,,3441,3475.41,3509.75,3544.09,3579.44,3614.79,3650.14,3686.5,3722.86,3759.22,3796.59
Nova Odessa, 51242,,51242,51754.42,52271.54,52793.71,53320.93,53853.2,54391.53,54934.91,55483.34,56037.83,56597.37
Novo Horizonte, 36593,,36593,36958.93,37327.58,37700.27,38077.0,38457.77,38841.57,39229.41,39621.29,40017.21,40417.17
Nuporanga, 6817,,6817,6885.17,6953.85,7022.53,7092.22,7162.92,7233.62,7305.33,7378.05,7451.78,7525.51
Ocauçu, 4163,,4163,4204.63,4246.04,4288.46,4330.88,4373.3,4416.73,4460.16,4504.6,4549.04,4594.49
Óleo, 2673,,2673,2699.73,2725.99,2752.25,2779.52,2806.79,2834.06,2862.34,2890.62,2918.9,2947.18
Olímpia, 50024,,50024,50524.24,51029.24,51539.29,52054.39,52574.54,53099.74,53629.99,54165.29,54706.65,55253.06
Onda Verde, 3884,,3884,3922.84,3961.22,4000.61,4040.0,4080.4,4120.8,4161.2,4202.61,4244.02,4286.44
Oriente, 6097,,6097,6157.97,6218.57,6280.18,6342.8,6405.42,6469.05,6533.69,6598.33,6663.98,6729.63
Orindiúva, 5675,,5675,5731.75,5788.31,5845.88,5903.45,5962.03,6021.62,6081.21,6141.81,6202.41,6264.02
Orlândia, 39781,,39781,40178.81,40579.78,40984.79,41393.84,41806.93,42224.06,42646.24,43072.46,43502.72,43937.02
Osasco, 666740,,666740,673407.4,680141.07,686942.41,693811.42,700749.11,707756.49,714833.56,721981.33,729200.81,736492.0
Oscar Bressane, 2537,,2537,2562.37,2587.62,2612.87,2638.12,2664.38,2690.64,2716.9,2743.16,2770.43,2797.7
Osvaldo Cruz, 30917,,30917,31226.17,31538.26,31853.38,32171.53,32492.71,32816.92,33144.16,33475.44,33809.75,34147.09
Ourinhos, 103035,,103035,104065.35,105105.65,106156.05,107217.56,108289.17,109371.89,110464.71,111568.64,112683.68,113809.83
Ouroeste, 8405,,8405,8489.05,8573.89,8658.73,8744.58,8831.44,8919.31,9008.19,9098.08,9188.98,9279.88
Pacaembu, 13226,,13226,13358.26,13491.58,13625.91,13761.25,13898.61,14036.98,14176.36,14317.76,14460.17,14604.6
Palestina, 11051,,11051,11161.51,11272.61,11384.72,11497.84,11611.97,11727.11,11844.27,11962.44,12081.62,12201.81
Palmares Paulista, 10934,,10934,11043.34,11153.43,11264.53,11376.64,11489.76,11603.89,11719.03,11836.19,11954.36,12073.54
Palmeira d'Oeste, 9584,,9584,9679.84,9775.79,9872.75,9970.72,10069.7,10169.69,10270.69,10372.7,10475.72,10579.75
Palmital, 21186,,21186,21397.86,21610.97,21826.1,22044.26,22264.44,22486.64,22710.86,22937.1,23166.37,23397.66
Paraguaçu Paulista, 42278,,42278,42700.78,43127.0,43558.27,43993.58,44432.93,44876.32,45324.76,45777.24,46234.77,46696.34
Paraibuna, 17388,,17388,17561.88,17736.61,17913.36,18092.13,18272.92,18454.72,18638.54,18824.38,19012.24,19202.12
Paraíso, 5898,,5898,5956.98,6015.56,6075.15,6135.75,6196.35,6257.96,6319.57,6382.19,6445.82,6509.45
Paranapanema, 17808,,17808,17986.08,18165.86,18346.65,18529.46,18714.29,18901.14,19090.01,19280.9,19472.8,19666.72
Paranapuã, 3815,,3815,3853.15,3891.53,3929.91,3968.29,4007.68,4047.07,4087.47,4127.87,4168.27,4209.68
Parapuã, 10844,,10844,10952.44,11061.52,11171.61,11282.71,11394.82,11507.94,11622.07,11738.22,11855.38,11973.55
Pardinho, 5582,,5582,5637.82,5693.37,5749.93,5806.49,5864.06,5922.64,5981.22,6040.81,6100.4,6161.0
Pariquera-Açu, 18446,,18446,18630.46,18816.3,19004.16,19194.04,19385.94,19578.85,19773.78,19970.73,20169.7,20370.69
Parisi, 2032,,2032,2052.32,2072.52,2092.72,2112.92,2133.12,2154.33,2175.54,2196.75,2217.96,2239.17
Patrocínio Paulista, 13000,,13000,13130.0,13261.3,13393.61,13526.93,13661.26,13797.61,13934.97,14073.34,14213.73,14355.13
Paulínia, 82146,,82146,82967.46,83796.67,84633.96,85479.33,86333.79,87196.33,88067.96,88947.67,89836.47,90734.36
Paulistânia, 1779,,1779,1796.79,1813.96,1831.13,1849.31,1867.49,1885.67,1903.85,1922.03,1941.22,1960.41
Paulo de Faria, 8589,,8589,8674.89,8760.74,8847.6,8935.47,9024.35,9114.24,9205.14,9297.05,9389.97,9482.89
Pederneiras, 41497,,41497,41911.97,42330.11,42753.3,43180.53,43611.8,44047.11,44487.47,44931.87,45380.31,45833.8
Pedra Bela, 5780,,5780,5837.8,5895.37,5953.95,6012.53,6072.12,6132.72,6193.32,6254.93,6316.54,6379.16
Pedranópolis, 2558,,2558,2583.58,2608.83,2634.08,2660.34,2686.6,2712.86,2739.12,2766.39,2793.66,2820.93
Pedregulho, 15700,,15700,15857.0,16015.57,16175.15,16336.75,16499.36,16663.99,16829.63,16997.29,17166.97,17337.66
Pedreira, 41558,,41558,41973.58,42392.73,42815.92,43243.15,43675.43,44111.75,44552.11,44997.52,45446.97,45900.46
Pedrinhas Paulista, 2940,,2940,2969.4,2998.69,3027.98,3057.27,3087.57,3117.87,3148.17,3179.48,3210.79,3242.1
Pedro de Toledo, 10204,,10204,10306.04,10409.06,10513.09,10618.13,10724.18,10831.24,10939.31,11048.39,11158.48,11269.58
Penápolis, 58510,,58510,59095.1,59685.95,60281.85,60883.81,61491.83,62105.91,62726.05,63353.26,63986.53,64625.86
Pereira Barreto, 24962,,24962,25211.62,25463.11,25717.63,25974.17,26233.74,26495.33,26759.95,27026.59,27296.26,27568.96
Pereiras, 7454,,7454,7528.54,7603.28,7679.03,7755.79,7832.55,7910.32,7989.1,8068.89,8148.68,8229.48
Peruíbe, 59773,,59773,60370.73,60973.7,61582.73,62197.82,62818.97,63446.18,64080.46,64720.8,65367.2,66020.67
Piacatu, 5287,,5287,5339.87,5392.39,5445.92,5499.45,5553.99,5608.53,5664.08,5720.64,5777.2,5834.77
Piedade, 52143,,52143,52664.43,53190.64,53721.9,54258.21,54800.58,55348.0,55901.48,56460.01,57024.6,57594.24
Pilar do Sul, 26406,,26406,26670.06,26936.7,27205.36,27477.05,27751.77,28028.51,28308.28,28591.08,28876.91,29164.76
Pindamonhangaba, 146995,,146995,148464.95,149948.64,151447.48,152961.47,154490.61,156034.9,157594.34,159169.94,160760.69,162367.6
Pindorama, 15039,,15039,15189.39,15340.89,15493.4,15647.93,15803.47,15961.03,16120.61,16281.2,16443.81,16607.43
Pinhalzinho, 13105,,13105,13236.05,13368.36,13501.68,13636.01,13772.36,13909.72,14048.09,14188.48,14329.88,14472.29
Piquete, 14107,,14107,14248.07,14390.48,14533.9,14678.33,14824.78,14972.24,15121.72,15272.21,15424.72,15578.24
Piracaia, 25116,,25116,25367.16,25620.67,25876.2,26134.76,26395.34,26658.95,26924.58,27193.24,27464.93,27738.64
Piracicaba, 364571,,364571,368216.71,371898.16,375616.98,379372.16,383165.72,386996.65,390865.96,394773.65,398720.73,402707.2
Piraju, 28475,,28475,28759.75,29046.59,29336.46,29629.36,29925.29,30224.25,30526.24,30831.26,31139.31,31450.39
Pirajuí, 22704,,22704,22931.04,23160.31,23391.6,23624.91,23860.24,24098.6,24338.98,24581.38,24826.81,25074.26
Pirangi, 10623,,10623,10729.23,10836.29,10944.36,11053.44,11163.53,11274.63,11386.74,11499.86,11613.99,11729.13
Pirapora do Bom Jesus, 15733,,15733,15890.33,16048.9,16208.48,16370.08,16533.7,16698.33,16864.98,17032.64,17202.32,17374.02
Pirassununga, 70081,,70081,70781.81,71488.81,72202.88,72924.02,73653.24,74389.53,75132.89,75883.32,76641.83,77407.41
Piratininga, 12072,,12072,12192.72,12313.92,12436.13,12560.36,12685.6,12811.85,12939.11,13068.39,13198.68,13329.98
Pitangueiras, 35307,,35307,35660.07,36016.6,36376.16,36739.76,37106.39,37477.06,37851.77,38229.51,38611.29,38997.11
Planalto, 4463,,4463,4507.63,4552.07,4597.52,4642.97,4688.42,4734.88,4781.34,4828.81,4876.28,4924.76
Platina, 3192,,3192,3223.92,3255.23,3287.55,3319.87,3352.19,3385.52,3418.85,3452.18,3486.52,3520.86
Poá, 106013,,106013,107073.13,108143.73,109224.43,110316.24,111419.16,112533.19,113658.33,114794.58,115941.94,117100.41
Poloni, 5395,,5395,5448.95,5502.48,5557.02,5612.57,5668.12,5724.68,5781.24,5838.81,5896.38,5954.96
Pompéia, 19964,,19964,20163.64,20364.63,20567.64,20772.67,20979.72,21188.79,21399.88,21612.99,21828.12,22046.28
Pongaí, 3481,,3481,3515.81,3550.15,3585.5,3620.85,3656.2,3692.56,3728.92,3765.28,3802.65,3840.02
Pontal, 40244,,40244,40646.44,41052.46,41462.52,41876.62,42294.76,42716.94,43143.16,43574.43,44009.74,44449.09
Pontalinda, 4074,,4074,4114.74,4155.14,4196.55,4237.96,4279.37,4321.79,4364.21,4407.64,4451.07,4495.51
Pontes Gestal, 2518,,2518,2543.18,2568.43,2593.68,2618.93,2644.18,2670.44,2696.7,2722.96,2749.22,2776.49
Populina, 4223,,4223,4265.23,4307.65,4350.07,4393.5,4436.93,4480.36,4524.8,4569.24,4614.69,4660.14
Porangaba, 8326,,8326,8409.26,8493.09,8577.93,8662.77,8748.62,8835.48,8923.35,9012.23,9102.12,9193.02
Porto Feliz, 48893,,48893,49381.93,49874.81,50372.74,50875.72,51383.75,51896.83,52414.96,52938.14,53467.38,54001.67
Porto Ferreira, 51400,,51400,51914.0,52433.14,52957.33,53486.57,54020.86,54560.2,55105.6,55656.05,56212.56,56774.12
Potim, 19397,,19397,19590.97,19785.9,19982.85,20181.82,20382.81,20585.82,20790.85,20997.9,21206.97,21418.06
Potirendaba, 15449,,15449,15603.49,15759.03,15916.59,16075.16,16235.75,16397.35,16560.97,16725.6,16892.25,17060.92
Pracinha, 2858,,2858,2886.58,2914.86,2943.14,2972.43,3001.72,3031.01,3061.31,3091.61,3121.91,3152.21
Pradópolis, 17377,,17377,17550.77,17725.5,17902.25,18081.02,18261.81,18443.61,18627.43,18813.27,19001.13,19191.01
Praia Grande, 262051,,262051,264671.51,267317.71,269990.17,272689.9,275415.89,278169.15,280950.69,283759.5,286596.59,289461.96
Pratânia, 4599,,4599,4644.99,4690.44,4736.9,4783.36,4830.83,4878.3,4926.78,4975.26,5024.75,5074.24
Presidente Alves, 4123,,4123,4164.23,4205.64,4247.05,4289.47,4331.89,4374.31,4417.74,4461.17,4505.61,4550.05
Promissão, 35674,,35674,36030.74,36390.3,36753.9,37120.53,37491.2,37865.91,38243.65,38625.43,39011.25,39401.11
Quadra, 3236,,3236,3268.36,3300.68,3333.0,3366.33,3399.66,3432.99,3466.32,3500.66,3535.0,3570.35
Quatá, 12799,,12799,12926.99,13055.26,13185.55,13316.85,13449.16,13583.49,13718.83,13855.18,13993.55,14132.93
Queiroz, 2808,,2808,2836.08,2864.36,2892.64,2920.92,2949.2,2978.49,3007.78,3037.07,3067.37,3097.67
Queluz, 11309,,11309,11422.09,11536.22,11651.36,11767.51,11884.67,12002.84,12122.02,12243.22,12365.43,12488.65
Quintana, 6004,,6004,6064.04,6124.64,6185.24,6246.85,6308.46,6371.08,6434.71,6498.34,6562.98,6627.62
Rafard, 8612,,8612,8698.12,8784.98,8871.84,8959.71,9048.59,9138.48,9229.38,9321.29,9414.21,9508.14
Rancharia, 28804,,28804,29092.04,29382.92,29675.82,29971.75,30270.71,30572.7,30877.72,31185.77,31496.85,31810.96
Redenção da Serra, 3873,,3873,3911.73,3950.11,3989.5,4028.89,4068.28,4108.68,4149.08,4190.49,4231.9,4273.31
Regente Feijó, 18494,,18494,18678.94,18864.78,19052.64,19242.52,19434.42,19628.34,19824.28,20022.24,20222.22,20424.22
Reginópolis, 7323,,7323,7396.23,7469.96,7543.69,7618.43,7694.18,7770.94,7847.7,7925.47,8004.25,8084.04
Registro, 54261,,54261,54803.61,55351.03,55904.51,56463.04,57027.63,57597.27,58172.97,58753.72,59340.53,59933.4
Restinga, 6587,,6587,6652.87,6718.52,6785.18,6852.85,6920.52,6989.2,7058.89,7128.58,7199.28,7270.99
Ribeira, 3358,,3358,3391.58,3424.91,3458.24,3492.58,3526.92,3561.26,3596.61,3631.96,3667.31,3703.67
Ribeirão Bonito, 12135,,12135,12256.35,12378.56,12501.78,12626.01,12752.26,12879.52,13007.79,13137.07,13268.37,13400.68
Ribeirão Branco, 18269,,18269,18451.69,18635.51,18821.35,19009.21,19199.09,19390.99,19583.9,19778.83,19975.78,20174.75
Ribeirão Corrente, 4273,,4273,4315.73,4358.15,4401.58,4445.01,4489.45,4533.89,4578.33,4623.78,4669.23,4715.69
Ribeirão do Sul, 4446,,4446,4490.46,4534.9,4579.34,4624.79,4670.24,4716.7,4763.16,4810.63,4858.1,4906.58
Ribeirão Grande, 7422,,7422,7496.22,7570.96,7645.7,7721.45,7798.21,7875.98,7953.75,8032.53,8112.32,8193.12
Ribeirão Pires, 113068,,113068,114198.68,115339.98,116492.39,117656.92,118832.56,120020.32,121220.2,122432.2,123656.32,124892.56
Ribeirão Preto, 604682,,604682,610728.82,616835.28,623003.35,629233.03,635525.33,641880.25,648298.8,654780.98,661327.8,667940.27
Riversul, 6163,,6163,6224.63,6286.24,6348.86,6411.48,6475.11,6539.75,6604.39,6670.04,6736.7,6803.36
Rifaina, 3436,,3436,3470.36,3504.7,3539.04,3574.39,3609.74,3645.09,3681.45,3717.81,3754.17,3791.54
Rincão, 10414,,10414,10518.14,10623.18,10729.23,10836.29,10944.36,11053.44,11163.53,11274.63,11386.74,11499.86
Rinópolis, 9935,,9935,10034.35,10134.34,10235.34,10337.35,10440.37,10544.4,10649.44,10755.49,10862.55,10970.62
Rio Claro, 186253,,186253,188115.53,189996.15,191895.96,193813.95,195751.13,197708.51,199685.08,201681.85,203697.81,205733.97
Rio das Pedras, 29501,,29501,29796.01,30093.96,30393.93,30696.93,31002.96,31312.02,31625.12,31941.25,32260.41,32582.6
Rio Grande da Serra, 43974,,43974,44413.74,44857.13,45305.57,45758.05,46215.58,46677.15,47143.77,47614.43,48090.14,48570.9
Riolândia, 10575,,10575,10680.75,10786.8,10893.86,11001.93,11111.01,11222.11,11334.22,11447.34,11561.47,11676.61
Roseira, 9599,,9599,9694.99,9790.94,9887.9,9985.87,10084.85,10184.84,10285.84,10387.85,10490.87,10594.9
Rubiácea, 2729,,2729,2756.29,2783.56,2810.83,2838.1,2866.38,2894.66,2922.94,2951.22,2980.51,3009.8
Rubinéia, 2862,,2862,2890.62,2918.9,2947.18,2976.47,3005.76,3035.05,3065.35,3095.65,3125.95,3156.25
Sabino, 5217,,5217,5269.17,5321.69,5374.21,5427.74,5481.27,5535.81,5590.35,5645.9,5701.45,5758.01
Sagres, 2395,,2395,2418.95,2442.18,2466.42,2490.66,2514.9,2539.14,2564.39,2589.64,2614.89,2640.14
Sales, 5451,,5451,5505.51,5560.05,5615.6,5671.15,5727.71,5784.27,5841.84,5899.41,5957.99,6016.57
Sales Oliveira, 10568,,10568,10673.68,10779.73,10886.79,10994.86,11103.94,11214.03,11326.14,11439.26,11553.39,11668.53
Salesópolis, 15635,,15635,15791.35,15948.91,16107.48,16268.07,16430.68,16594.3,16759.94,16926.59,17095.26,17265.95
Salmourão, 4818,,4818,4866.18,4914.66,4963.14,5012.63,5062.12,5112.62,5163.12,5214.63,5266.14,5318.66
Saltinho, 7059,,7059,7129.59,7200.29,7272.0,7344.72,7417.44,7491.17,7565.91,7640.65,7716.4,7793.16
Salto, 105516,,105516,106571.16,107636.71,108712.36,109799.12,110896.99,112004.96,113124.04,114255.24,115397.55,116550.97
Salto de Pirapora, 40132,,40132,40533.32,40938.33,41347.38,41760.47,42177.6,42598.77,43023.98,43453.23,43887.53,44325.87
Salto Grande, 8787,,8787,8874.87,8962.74,9051.62,9141.51,9232.41,9324.32,9417.24,9511.17,9606.11,9702.06
Santa Adélia, 14333,,14333,14476.33,14620.76,14766.2,14913.66,15062.13,15212.62,15364.12,15517.64,15672.17,15828.72
Santa Albertina, 5723,,5723,5780.23,5837.8,5895.37,5953.95,6012.53,6072.12,6132.72,6193.32,6254.93,6316.54
Santa Bárbara d'Oeste, 180009,,180009,181809.09,183627.09,185463.27,187317.63,189190.17,191081.9,192991.81,194920.91,196869.2,198837.69
Santa Branca, 13763,,13763,13900.63,14039.0,14179.39,14320.79,14463.2,14607.63,14753.07,14900.53,15049.0,15199.49
Santa Clara d'Oeste, 2084,,2084,2104.84,2125.04,2146.25,2167.46,2188.67,2209.88,2231.09,2253.31,2275.53,2297.75
Santa Cruz da Conceição, 4002,,4002,4042.02,4082.42,4122.82,4163.22,4204.63,4246.04,4288.46,4330.88,4373.3,4416.73
Santa Cruz da Esperança, 1953,,1953,1972.53,1991.72,2010.91,2030.1,2050.3,2070.5,2090.7,2110.9,2131.1,2152.31
Santa Cruz das Palmeiras, 29932,,29932,30231.32,30533.31,30838.33,31146.38,31457.46,31771.57,32088.71,32408.88,32732.08,33059.32
Santa Cruz do Rio Pardo, 43921,,43921,44360.21,44803.6,45251.03,45703.51,46160.03,46621.6,47087.21,47557.87,48032.57,48512.32
Santa Ernestina, 5568,,5568,5623.68,5679.23,5735.79,5792.35,5849.92,5907.49,5966.07,6025.66,6085.25,6145.85
Santa Fé do Sul, 29239,,29239,29531.39,29826.31,30124.26,30425.24,30729.25,31036.29,31346.36,31659.46,31975.59,32294.75
Santa Gertrudes, 21634,,21634,21850.34,22068.5,22288.68,22510.88,22735.1,22962.35,23191.62,23422.91,23656.22,23892.56
Santa Isabel, 50453,,50453,50957.53,51466.57,51980.66,52499.8,53023.99,53553.23,54088.53,54628.88,55174.28,55725.74
Santa Lúcia, 8248,,8248,8330.48,8413.3,8497.13,8581.97,8666.81,8752.66,8839.52,8927.39,9016.27,9106.16
Santa Maria da Serra, 5413,,5413,5467.13,5521.67,5576.21,5631.76,5687.31,5743.87,5800.43,5858.0,5916.58,5975.16
Santana da Ponte Pensa, 1641,,1641,1657.41,1673.57,1689.73,1705.89,1722.05,1739.22,1756.39,1773.56,1790.73,1807.9
Santana de Parnaíba, 108813,,108813,109901.13,111000.01,112110.0,113231.1,114363.31,115506.63,116661.06,117827.61,119005.27,120195.05
Santa Rita d'Oeste, 2543,,2543,2568.43,2593.68,2618.93,2644.18,2670.44,2696.7,2722.96,2749.22,2776.49,2803.76
Santa Rita do Passa Quatro, 26478,,26478,26742.78,27009.42,27279.09,27551.79,27826.51,28104.26,28385.04,28668.85,28954.68,29243.54
Santa Rosa de Viterbo, 23862,,23862,24100.62,24341.0,24584.41,24829.84,25077.29,25327.77,25580.27,25835.8,26093.35,26353.93
Santa Salete, 1447,,1447,1461.47,1475.61,1489.75,1503.89,1518.03,1533.18,1548.33,1563.48,1578.63,1593.78
Santo André, 676407,,676407,683171.07,690002.71,696902.02,703871.02,710909.71,718018.09,725198.18,732449.98,739773.49,747170.73
Santo Antônio da Alegria, 6304,,6304,6367.04,6430.67,6494.3,6558.94,6623.58,6689.23,6755.89,6822.55,6890.22,6958.9
Santo Antônio de Posse, 20650,,20650,20856.5,21064.56,21274.64,21486.74,21700.86,21917.0,22136.17,22357.36,22580.57,22805.8
Santo Antônio do Aracanguá, 7626,,7626,7702.26,7779.02,7856.79,7934.56,8013.34,8093.13,8173.93,8254.73,8336.54,8419.36
Santo Antônio do Jardim, 5943,,5943,6002.43,6062.02,6122.62,6183.22,6244.83,6306.44,6369.06,6432.69,6496.32,6560.96
Santo Antônio do Pinhal, 6486,,6486,6550.86,6615.5,6681.15,6747.81,6814.47,6882.14,6950.82,7019.5,7089.19,7159.89
Santópolis do Aguapeí, 4277,,4277,4319.77,4362.19,4405.62,4449.05,4493.49,4537.93,4582.37,4627.82,4673.27,4719.73
Santos, 419400,,419400,423594.0,427829.94,432107.29,436428.07,440792.28,445199.92,449650.99,454146.5,458687.46,463273.87
São Bento do Sapucaí, 10468,,10468,10572.68,10677.72,10783.77,10890.83,10998.9,11107.98,11218.07,11330.18,11443.3,11557.43
São Bernardo do Campo, 765463,,765463,773117.63,780848.17,788656.48,796542.56,804507.42,812552.07,820677.52,828883.77,837171.83,845542.71
São Caetano do Sul, 149263,,149263,150755.63,152262.55,153784.62,155321.84,156874.21,158442.74,160026.42,161626.26,163242.26,164874.42
São Carlos, 221950,,221950,224169.5,226410.69,228674.1,230960.74,233269.6,235601.69,237957.01,240336.57,242739.36,245166.39
São Francisco, 2793,,2793,2820.93,2848.2,2876.48,2904.76,2933.04,2962.33,2991.62,3020.91,3050.2,3080.5
São João da Boa Vista, 83639,,83639,84475.39,85319.75,86172.19,87033.72,87903.33,88782.03,89669.82,90565.69,91470.65,92384.7
São João das Duas Pontes, 2566,,2566,2591.66,2616.91,2642.16,2668.42,2694.68,2720.94,2747.2,2774.47,2801.74,2829.01
São João de Iracema, 1780,,1780,1797.8,1814.97,1832.14,1850.32,1868.5,1886.68,1904.86,1923.04,1942.23,1961.42
São Joaquim da Barra, 46512,,46512,46977.12,47446.77,47920.46,48399.2,48882.99,49370.82,49863.7,50361.63,50864.61,51372.64
São José da Bela Vista, 8406,,8406,8490.06,8574.9,8659.74,8745.59,8832.45,8920.32,9009.2,9099.09,9189.99,9280.89
São José do Barreiro, 4077,,4077,4117.77,4158.17,4199.58,4240.99,4282.4,4324.82,4367.24,4410.67,4454.1,4498.54
São José do Rio Pardo, 51900,,51900,52419.0,52943.19,53472.43,54006.72,54546.06,55091.46,55641.91,56197.41,56758.97,57325.58
São José do Rio Preto, 408258,,408258,412340.58,416463.4,420627.63,424833.27,429081.33,433371.81,437704.71,442081.04,446501.81,450966.01
São José dos Campos, 629921,,629921,636220.21,642582.2,649007.82,655497.07,662051.97,668671.51,675357.71,682110.57,688931.1,695820.31
São Lourenço da Serra, 13973,,13973,14112.73,14253.12,14395.53,14538.95,14683.38,14829.83,14977.29,15126.77,15277.26,15429.77
São Luiz do Paraitinga, 10397,,10397,10500.97,10605.0,10711.05,10818.11,10926.18,11035.26,11145.35,11256.45,11368.56,11481.68
São Manuel, 38342,,38342,38725.42,39112.25,39503.12,39898.03,40296.98,40698.96,41104.98,41515.04,41930.15,42349.3
São Miguel Arcanjo, 31450,,31450,31764.5,32081.64,32401.81,32725.01,33052.25,33382.52,33715.82,34052.15,34392.52,34735.92
São Paulo, 11253503,,11253503,11366038.03,11479698.38,11594494.98,11710438.94,11827542.38,11945817.42,12065275.17,12185927.75,12307786.27,12430863.86
São Pedro, 31662,,31662,31978.62,32297.78,32619.97,32945.19,33274.45,33606.74,33942.06,34281.42,34623.81,34969.23
São Pedro do Turvo, 7198,,7198,7269.98,7341.69,7414.41,7488.14,7562.88,7637.62,7713.37,7790.13,7867.9,7945.67
São Roque, 78821,,78821,79609.21,80405.09,81209.05,82021.09,82841.21,83669.41,84505.69,85350.05,86203.5,87065.03
São Sebastião, 73942,,73942,74681.42,75427.81,76181.27,76942.81,77711.42,78488.11,79272.88,80064.72,80864.64,81672.64
São Sebastião da Grama, 12099,,12099,12219.99,12341.19,12464.41,12588.64,12713.88,12840.13,12968.4,13097.68,13227.97,13359.27
São Simão, 14346,,14346,14489.46,14633.89,14779.33,14926.79,15075.26,15225.75,15377.25,15530.77,15685.3,15841.85
São Vicente, 332445,,332445,335769.45,339126.69,342517.26,345942.17,349401.42,352895.01,356423.95,359987.23,363586.87,367221.86
Sarapuí, 9027,,9027,9117.27,9208.17,9300.08,9393.0,9486.93,9580.86,9675.8,9771.75,9868.71,9966.68
Sarutaiá, 3622,,3622,3658.22,3694.58,3730.94,3767.3,3804.67,3842.04,3880.42,3918.8,3957.18,3996.57
Sebastianópolis do Sul, 3031,,3031,3061.31,3091.61,3121.91,3152.21,3183.52,3214.83,3246.14,3278.46,3310.78,3343.1
Serra Azul, 11256,,11256,11368.56,11481.68,11595.81,11710.95,11827.1,11945.27,12064.45,12184.64,12305.84,12428.05
Serrana, 38878,,38878,39266.78,39658.66,40054.58,40454.54,40858.54,41266.58,41678.66,42094.78,42514.94,42939.14
Serra Negra, 26387,,26387,26650.87,26916.5,27185.16,27456.85,27730.56,28007.3,28287.07,28569.87,28854.69,29142.54
Sertãozinho, 110074,,110074,111174.74,112285.74,113407.85,114541.07,115686.41,116842.86,118010.42,119190.1,120381.9,121584.81
Sete Barras, 13005,,13005,13135.05,13266.35,13398.66,13531.98,13666.31,13802.66,13940.02,14079.4,14219.79,14361.19
Severínia, 15501,,15501,15656.01,15812.56,15970.12,16129.7,16290.29,16452.9,16616.52,16782.16,16949.82,17118.49
Silveiras, 5792,,5792,5849.92,5907.49,5966.07,6025.66,6085.25,6145.85,6206.45,6268.06,6330.68,6393.3
Socorro, 36686,,36686,37052.86,37422.52,37796.22,38173.96,38554.73,38939.54,39328.39,39721.28,40118.21,40519.18
Sorocaba, 586625,,586625,592491.25,598415.91,604399.15,610442.99,616546.42,622711.46,628938.11,635227.38,641579.27,647994.79
Sud Mennucci, 7435,,7435,7509.35,7584.09,7659.84,7735.59,7812.35,7890.12,7968.9,8047.68,8127.47,8208.27
Sumaré, 241311,,241311,243724.11,246161.24,248622.61,251108.22,253619.08,256155.19,258716.55,261303.16,263916.03,266555.16
Suzano, 262480,,262480,265104.8,267755.04,270432.55,273136.32,275867.36,278625.67,281411.25,284225.11,287067.25,289937.67
Suzanápolis, 3383,,3383,3416.83,3450.16,3484.5,3518.84,3553.18,3588.53,3623.88,3659.23,3695.59,3731.95
Tabapuã, 11363,,11363,11476.63,11590.76,11705.9,11822.05,11940.22,12059.4,12179.59,12300.79,12423.0,12547.23
Tabatinga, 14686,,14686,14832.86,14980.32,15129.8,15280.29,15432.8,15586.32,15741.86,15898.41,16056.98,16216.56
Taboão da Serra, 244528,,244528,246973.28,249442.73,251936.42,254455.36,256999.55,259568.99,262163.68,264784.63,267431.84,270105.31
Taguaí, 10828,,10828,10936.28,11045.36,11155.45,11266.55,11378.66,11491.78,11605.91,11721.05,11838.21,11956.38
Taiaçu, 5894,,5894,5952.94,6011.52,6071.11,6131.71,6192.31,6253.92,6315.53,6378.15,6441.78,6505.41
Taiúva, 5447,,5447,5501.47,5556.01,5611.56,5667.11,5723.67,5780.23,5837.8,5895.37,5953.95,6012.53
Tambaú, 22406,,22406,22630.06,22856.3,23084.56,23314.84,23547.14,23782.47,24019.82,24259.19,24501.59,24746.01
Tanabi, 24055,,24055,24295.55,24537.95,24782.37,25029.82,25279.29,25531.79,25786.31,26043.86,26303.43,26566.03
Tapiraí, 8012,,8012,8092.12,8172.92,8253.72,8335.53,8418.35,8502.18,8587.02,8672.87,8758.72,8845.58
Tapiratiba, 12737,,12737,12864.37,12992.64,13121.92,13252.21,13384.52,13517.84,13652.17,13788.52,13925.88,14064.25
Taquaral, 2726,,2726,2753.26,2780.53,2807.8,2835.07,2863.35,2891.63,2919.91,2948.19,2977.48,3006.77
Taquaritinga, 53988,,53988,54527.88,55072.27,55622.72,56178.22,56739.78,57306.39,57879.06,58457.79,59041.57,59631.41
Taquarituba, 22291,,22291,22513.91,22738.13,22965.38,23194.65,23425.94,23659.25,23895.59,24133.95,24374.33,24617.74
Taquarivaí, 5151,,5151,5202.51,5254.02,5306.54,5359.06,5412.59,5466.12,5520.66,5575.2,5630.75,5686.3
Tarumã, 12885,,12885,13013.85,13143.13,13274.43,13406.74,13540.06,13675.4,13811.75,13949.11,14088.49,14228.88
Tatuí, 107326,,107326,108399.26,109482.99,110576.82,111681.76,112797.81,113924.97,115063.24,116213.63,117375.13,118548.75
Taubaté, 278686,,278686,281472.86,284286.72,287128.86,289999.28,292898.99,295826.98,298784.26,301771.84,304788.71,307835.88
Tejupá, 4809,,4809,4857.09,4905.57,4954.05,5003.54,5053.03,5103.53,5154.03,5205.54,5257.05,5309.57
Terra Roxa, 8505,,8505,8590.05,8675.9,8761.75,8848.61,8936.48,9025.36,9115.25,9206.15,9298.06,9390.98
Tietê, 36835,,36835,37203.35,37575.03,37950.75,38329.5,38712.29,39099.12,39489.99,39883.89,40281.83,40683.81
Timburi, 2646,,2646,2672.46,2698.72,2724.98,2751.24,2778.51,2805.78,2833.05,2861.33,2889.61,2917.89
Torre de Pedra, 2254,,2254,2276.54,2298.76,2320.98,2343.2,2366.43,2389.66,2412.89,2436.12,2460.36,2484.6
Torrinha, 9330,,9330,9423.3,9517.23,9612.17,9708.12,9805.08,9903.05,10002.03,10102.02,10203.02,10305.03
Trabiju, 1544,,1544,1559.44,1574.59,1589.74,1604.89,1620.04,1636.2,1652.36,1668.52,1684.68,1700.84
Tremembé, 40984,,40984,41393.84,41806.93,42224.06,42646.24,43072.46,43502.72,43937.02,44376.37,44819.76,45267.19
Três Fronteiras, 5427,,5427,5481.27,5535.81,5590.35,5645.9,5701.45,5758.01,5815.58,5873.15,5931.73,5990.31
Tuiuti, 5930,,5930,5989.3,6048.89,6108.48,6169.08,6230.69,6292.3,6354.92,6417.54,6481.17,6545.81
Tupã, 63476,,63476,64110.76,64751.1,65398.51,66051.98,66711.51,67378.11,68051.78,68731.51,69418.31,70112.18
Turiúba, 1930,,1930,1949.3,1968.49,1987.68,2006.87,2026.06,2046.26,2066.46,2086.66,2106.86,2127.06
Turmalina, 1978,,1978,1997.78,2016.97,2036.16,2056.36,2076.56,2096.76,2116.96,2137.16,2158.37,2179.58
Ubarana, 5289,,5289,5341.89,5394.41,5447.94,5501.47,5556.01,5611.56,5667.11,5723.67,5780.23,5837.8
Ubatuba, 78801,,78801,79589.01,80384.89,81187.84,81998.87,82817.98,83645.17,84481.45,85325.81,86178.25,87039.78
Ubirajara, 4427,,4427,4471.27,4515.71,4560.15,4605.6,4651.05,4697.51,4743.97,4790.43,4837.9,4885.37
Uchoa, 9471,,9471,9565.71,9660.65,9756.6,9853.56,9951.53,10050.51,10150.5,10251.5,10353.51,10456.53
União Paulista, 1599,,1599,1614.99,1630.14,1646.3,1662.46,1678.62,1694.78,1710.94,1727.1,1744.27,1761.44
Urânia, 8836,,8836,8924.36,9013.24,9103.13,9194.03,9285.94,9377.85,9470.77,9564.7,9659.64,9755.59
Uru, 1251,,1251,1263.51,1275.63,1287.75,1299.87,1311.99,1324.11,1337.24,1350.37,1363.5,1376.63
Urupês, 12714,,12714,12841.14,12969.41,13098.69,13228.98,13360.28,13493.6,13627.93,13763.27,13900.63,14039.0
Valentim Gentil, 11036,,11036,11146.36,11257.46,11369.57,11482.69,11596.82,11711.96,11828.11,11946.28,12065.46,12185.65
Valinhos, 106793,,106793,107860.93,108938.6,110027.38,111127.27,112238.27,113360.38,114493.6,115637.93,116793.37,117960.93
Valparaíso, 22576,,22576,22801.76,23029.01,23259.29,23491.59,23725.91,23962.25,24201.62,24443.01,24687.43,24933.87
Vargem, 8801,,8801,8889.01,8977.89,9066.77,9156.66,9247.56,9339.47,9432.39,9526.32,9621.26,9717.21
Vargem Grande do Sul, 39266,,39266,39658.66,40054.58,40454.54,40858.54,41266.58,41678.66,42094.78,42514.94,42939.14,43368.39
Vargem Grande Paulista, 42997,,42997,43426.97,43860.26,44298.6,44740.98,45187.4,45638.87,46094.38,46554.94,47019.54,47489.19
Várzea Paulista, 107089,,107089,108159.89,109240.59,110332.4,111435.32,112549.35,113674.49,114810.74,115958.1,117117.58,118288.17
Vera Cruz, 10769,,10769,10876.69,10984.76,11093.84,11203.93,11315.03,11428.15,11542.28,11657.42,11773.57,11890.73
Vinhedo, 63611,,63611,64247.11,64889.47,65537.89,66192.37,66853.92,67521.53,68196.21,68877.96,69565.77,70260.65
Viradouro, 17297,,17297,17469.97,17643.69,17819.43,17997.19,18176.97,18357.76,18540.57,18725.4,18912.25,19101.12
Vista Alegre do Alto, 6886,,6886,6954.86,7023.54,7093.23,7163.93,7234.63,7306.34,7379.06,7452.79,7526.52,7601.26
Vitória Brasil, 1737,,1737,1754.37,1771.54,1788.71,1805.88,1823.05,1841.23,1859.41,1877.59,1895.77,1913.95
Votorantim, 108809,,108809,109897.09,110995.97,112104.95,113225.04,114357.25,115500.57,116655.0,117821.55,118999.21,120188.99
Votuporanga, 84692,,84692,85538.92,86393.38,87256.93,88128.56,89009.28,89899.09,90797.99,91704.97,92621.04,93547.21
Zacarias, 2335,,2335,2358.35,2381.58,2404.81,2428.04,2452.28,2476.52,2500.76,2525.0,2550.25,2575.5
Chavantes, 12114,,12114,12235.14,12357.35,12480.57,12604.8,12730.04,12857.3,12985.57,13114.85,13245.14,13377.45
Estiva Gerbi, 10044,,10044,10144.44,10245.44,10347.45,10450.47,10554.5,10659.54,10765.59,10872.65,10980.72,11089.8
Alfredo Marcondes, 3891,,3891,3929.91,3968.29,4007.68,4047.07,4087.47,4127.87,4168.27,4209.68,4251.09,4293.51
Álvares Machado, 23513,,23513,23748.13,23985.48,24224.85,24466.24,24710.66,24957.1,25206.57,25458.06,25712.58,25969.12
Andradina, 55334,,55334,55887.34,56445.87,57009.45,57579.09,58154.79,58735.54,59322.35,59915.22,60514.15,61119.14
Anhumas, 3738,,3738,3775.38,3812.75,3850.12,3888.5,3926.88,3965.26,4004.65,4044.04,4084.44,4124.84
Emilianópolis, 3020,,3020,3050.2,3080.5,3110.8,3141.1,3172.41,3203.72,3235.03,3267.35,3299.67,3331.99
Flora Rica, 1752,,1752,1769.52,1786.69,1803.86,1821.03,1839.21,1857.39,1875.57,1893.75,1911.93,1930.11
Guaraçaí, 8435,,8435,8519.35,8604.19,8690.04,8776.9,8863.76,8951.63,9040.51,9130.4,9221.3,9313.21
Ilha Solteira, 25064,,25064,25314.64,25567.14,25822.67,26080.22,26340.8,26603.4,26869.03,27137.69,27408.37,27682.08
Irapuru, 7789,,7789,7866.89,7944.66,8023.44,8103.23,8184.03,8265.84,8347.65,8430.47,8514.3,8599.14
Itapura, 4357,,4357,4400.57,4444.0,4488.44,4532.88,4577.32,4622.77,4668.22,4714.68,4761.14,4808.61
Junqueirópolis, 18726,,18726,18913.26,19102.13,19293.02,19485.93,19679.85,19875.79,20073.75,20273.73,20475.73,20679.75
Nova Independência, 3068,,3068,3098.68,3128.98,3159.28,3190.59,3221.9,3253.21,3285.53,3317.85,3350.17,3383.5
Pirapozinho, 24694,,24694,24940.94,25189.4,25440.89,25694.4,25950.94,26209.5,26471.09,26735.71,27002.35,27272.02
Presidente Prudente, 207610,,207610,209686.1,211782.86,213899.82,216037.99,218197.37,220378.97,222581.78,224806.81,227054.06,229324.54
Santo Expedito, 2803,,2803,2831.03,2859.31,2887.59,2915.87,2944.15,2973.44,3002.73,3032.02,3062.32,3092.62
Taciba, 5714,,5714,5771.14,5828.71,5886.28,5944.86,6003.44,6063.03,6123.63,6184.23,6245.84,6307.45
